TIME,United States
2006,
2007,0.04612877570403917
2008,0.018058921135410966
2009,-0.01793759126803829
2010,0.03758893736921176
2011,0.03672145747626798
2012,0.042105294988953545
2013,0.0362933719791565
2014,0.044230776907105085
2015,0.039796413106944595
2016,0.026900736250314194
